nom_dept,code_dept,Population municipale,Population totale,pct_pop_municipale,part_region,densité
Guadeloupe,971,394110,400170,98.48564360146938,100.0,241.19339045287637
Martinique,972,376480,382294,98.47918094450868,100.0,345.7116620752984
Guyane,973,269352,271829,99.08876536351899,100.0,3.2241121338711802
La Réunion,974,852924,862814,98.8537506345516,100.0,340.488622754491
Paris,75,2190327,2210875,99.07059422174478,18.07628240742116,20860.257142857143
Seine-et-Marne,77,1397665,1419206,98.48217947218374,11.534618918074013,235.81322760249705
Yvelines,78,1431808,1458275,98.18504740189607,11.816393516221495,620.9054640069385
Essonne,91,1287330,1305061,98.6413661890134,10.624048661019787,707.7130291368884
Hauts-de-Seine,92,1603268,1622143,98.83641577838699,13.231414826544762,9161.531428571428
Seine-Saint-Denis,93,1606660,1616311,99.40289956573952,13.259408249410834,6807.881355932203
Val-de-Marne,94,1378151,1389336,99.19493916518395,11.373574208814428,5648.1598360655735
Val-d'Oise,95,1221923,1237218,98.76375869086935,10.084259212493517,975.1979249800479
Cher,18,307110,315100,97.46429704855602,11.913342276130722,42.02956069522376
Eure-et-Loir,28,433929,445281,97.45059861076489,16.832876495519937,73.16287303995954
Indre,36,223505,229772,97.2725136221994,8.670155857596942,32.401420701652654
Indre-et-Loire,37,606223,620671,97.67219670324536,23.516466720923432,98.46077635211954
Loir-et-Cher,41,332769,343026,97.00984765003236,12.908700452234523,51.81703519152912
Loiret,45,674330,691942,97.4546999604013,26.15845819759444,98.99148561362301
Côte-d'Or,21,533213,546466,97.57478049869526,18.919412788671906,60.57861849579641
Doubs,25,538549,552619,97.45394204687136,19.10874423152936,102.46366057838661
Jura,39,260517,270142,96.43705902821479,9.243639336374843,51.59774212715389
Nièvre,58,209161,216182,96.75227354728887,7.421430644585568,30.42341818181818
Haute-Saône,70,237242,244305,97.10894169173778,8.41779800719431,44.015213358070504
Saône-et-Loire,71,555023,572527,96.94267693925353,19.693273127637635,64.44014861256241
Yonne,89,340544,350970,97.02937573011938,12.083149714477113,45.643211365768664
Territoire-de-Belfort,90,144089,147347,97.78889288550157,5.112552149529261,235.82487725040917
Calvados,14,693679,709715,97.74050146889948,20.794177573923186,124.04846208869814
Eure,27,602825,620046,97.22262541811413,18.07067836275892,99.95440225501575
Manche,50,498362,516010,96.57991124203019,14.939226824072094,82.51026490066225
Orne,61,285308,294421,96.90477241772835,8.552580105871558,46.42929210740439
Seine-Maritime,76,1255755,1280803,98.04435186363555,37.643337133374246,198.41286143150577
Aisne,02,536136,549587,97.5525258057414,8.925380439396891,72.34327351234651
Nord,59,2603723,2639070,98.66062666014922,43.345752446781766,452.8213913043478
Oise,60,823542,842804,97.71453386552508,13.710002047655435,139.82037351443125
Pas-de-Calais,62,1470725,1494330,98.42036230283806,24.484049097117133,219.77361028093244
Somme,80,572744,584797,97.93894291523382,9.534815969048772,92.51235664674527
Ardennes,08,275371,283004,97.30286497717347,4.957007740154875,52.49161265726268
Aube,10,308910,316639,97.55904989593827,5.56074990108342,51.254355400696866
Marne,51,570883,584108,97.73586391557726,10.276577597941815,69.65385553928746
Haute-Marne,52,178084,183720,96.93228826475071,3.2057252448432867,28.46611253196931
Meurthe-et-Moselle,54,733821,747614,98.15506397686507,13.209656706364106,138.84976348155155
Meuse,55,189055,195047,96.9279199372459,3.4032163819537278,30.321571772253407
Moselle,57,1045271,1064905,98.1562674604777,18.816129648944248,167.2166053431451
Bas-Rhin,67,1121407,1139258,98.4331029494636,20.18666881720972,233.77256618720034
Haut-Rhin,68,762743,777734,98.07247722228936,13.73028733871377,216.0133106768621
Vosges,88,369641,382328,96.68164507961751,6.653980622791028,62.68288960488384
Loire-Atlantique,44,1380852,1415805,97.5312278173901,36.94456811157439,197.15191319246145
Maine-et-Loire,49,810934,833602,97.2807166969369,21.696464499447778,113.06943669827105
Mayenne,53,307688,317742,96.83579759679236,8.232164108184005,59.023211202762326
Sarthe,72,567561,582211,97.48373012533257,15.18504229415844,90.88246597277822
Vendée,85,670597,689496,97.25901238005731,17.941760986635387,98.70429790992051
Côtes-d'Armor,22,598953,618478,96.84305666490967,18.114252135698795,85.6993847474603
Finistère,29,908249,936432,96.99038477967434,27.46835125293019,133.64464390818128
Ille-et-Vilaine,35,1051779,1079333,97.44712706829125,31.809156973974822,153.7239111370944
Morbihan,56,747548,769772,97.11291135557022,22.608239637396192,108.81339155749636
Charente,16,353288,365697,96.60675367859184,5.952015321779439,59.147497070149
Charente-Maritime,17,642191,660458,97.23419203037892,10.819305132098627,92.99029829134086
Corrèze,19,241535,249707,96.7273644711602,4.069258001251094,40.95201763309596
Creuse,23,119502,123500,96.76275303643725,2.013308504628763,21.3434541882479
Dordogne,24,414789,426667,97.21609592492506,6.988152678000871,44.978204294079376
Gironde,33,1566679,1595903,98.16881101169682,26.394605569139312,155.33204441800515
Landes,40,405010,418200,96.84600669536107,6.823401093368273,43.293425975414216
Lot-et-Garonne,47,332833,342358,97.2178246163373,5.607399955825887,61.80742804085423
Pyrénées-Atlantiques,64,673986,694279,97.07711165107975,11.354971011369864,87.72432643498634
Deux-Sèvres,79,374743,385495,97.21085876600215,6.313478175679876,62.04354304635761
Vienne,86,436069,447026,97.54891214381266,7.346667221510603,61.9592213697073
Haute-Vienne,87,374978,383215,97.8505538666284,6.317437335347395,67.4784955911463
Ariège,09,153067,158205,96.75231503429094,2.63525373013557,31.180892238745162
Aude,11,368025,377580,97.46941045606229,6.336044046287856,58.02065268800252
Aveyron,12,278697,289481,96.27471232999748,4.79814270108902,31.767582354952697
Gard,30,742006,757564,97.94631212676421,12.774628621995426,126.29889361702128
Haute-Garonne,31,1348183,1373626,98.14774909618775,23.210778807028053,212.011794307281
Gers,32,190664,197851,96.36746844847892,3.282536518012167,30.264126984126985
Hérault,34,1132481,1152125,98.29497667353803,19.49717953286901,181.72031450577663
Lot,46,173347,179390,96.63136183733765,2.984401133868245,33.17011098354382
Lozère,48,76422,80141,95.35942900637626,1.3157072430009116,14.767536231884058
Hautes-Pyrénées,65,227829,235131,96.89449711012159,3.922381846400967,50.41579995574242
Pyrénées-Orientales,66,474369,482567,98.3011685423993,8.166898656867124,114.66497461928934
Tarn,81,386448,397929,97.1148119388132,6.653220704027849,66.83638879280525
Tarn-et-Garonne,82,256897,263125,97.63306413301662,4.422826458417801,68.85473063521844
Ain,01,638425,655171,97.44402606342466,8.064089315891634,110.37776625172891
Allier,03,339384,349336,97.15116678498637,4.286835397085901,45.993224014094054
Ardèche,07,325157,334591,97.18043820664633,4.107130970258646,58.41843334531082
Cantal,15,145969,151615,96.2760940540184,1.843767166623152,25.280394873571183
Drôme,26,508006,522276,97.26772817437524,6.416737685724784,77.46355596218359
Isère,38,1252912,1279514,97.92092935286367,15.825812386658447,159.03935008885503
Loire,42,761997,778211,97.91650336476869,9.624954953896664,158.61719400499584
Haute-Loire,43,227339,234613,96.89957504486111,2.871569880542723,45.440535678592845
Puy-de-Dôme,63,650700,667365,97.50286574812883,8.219137593062124,81.18527760449157
Rhône,69,1835903,1864962,98.44184492767145,23.189702419725727,674.9643382352941
Savoie,73,429681,442775,97.04274179888205,5.427397049522862,68.54059658637742
Haute-Savoie,74,801416,823928,97.26772242234757,10.122865181007338,165.5818181818182
Alpes-de-Haute-Provence,04,162565,167331,97.15175311209518,3.2371033595065484,23.246818246818247
Hautes-Alpes,05,141107,146148,96.55075676711279,2.809817265400858,24.768650166754433
Alpes-Maritimes,06,1083704,1098539,98.64957001981723,21.579441202661606,252.37633907778294
Bouches-du-Rhône,13,2019717,2047433,98.6463049096112,40.2179601141235,384.9279588336192
Var,83,1055821,1073201,98.3805456759731,21.02421619744449,175.09469320066336
Vaucluse,84,559014,570921,97.91442248577299,11.131461860863,156.28012300810735
Corse-du-Sud,2A,154303,156958,98.30846468482014,46.69410358445174,38.41249688822504
Haute-Corse,2B,176152,179037,98.38860123885007,53.30589641554826,37.447278911564624
